<?xml version="1.0" encoding="UTF-8"?>
<office:document-content xmlns:css3t="http://www.w3.org/TR/css3-text/" xmlns:grddl="http://www.w3.org/2003/g/data-view#" xmlns:xhtml="http://www.w3.org/1999/xhtml" xmlns:xsi="http://www.w3.org/2001/XMLSchema-instance" xmlns:xsd="http://www.w3.org/2001/XMLSchema" xmlns:xforms="http://www.w3.org/2002/xforms" xmlns:dom="http://www.w3.org/2001/xml-events" xmlns:script="urn:oasis:names:tc:opendocument:xmlns:script:1.0" xmlns:form="urn:oasis:names:tc:opendocument:xmlns:form:1.0" xmlns:math="http://www.w3.org/1998/Math/MathML" xmlns:number="urn:oasis:names:tc:opendocument:xmlns:datastyle:1.0" xmlns:field="urn:openoffice:names:experimental:ooo-ms-interop:xmlns:field:1.0" xmlns:meta="urn:oasis:names:tc:opendocument:xmlns:meta:1.0" xmlns:loext="urn:org:documentfoundation:names:experimental:office:xmlns:loext:1.0" xmlns:officeooo="http://openoffice.org/2009/office" xmlns:table="urn:oasis:names:tc:opendocument:xmlns:table:1.0" xmlns:chart="urn:oasis:names:tc:opendocument:xmlns:chart:1.0" xmlns:formx="urn:openoffice:names:experimental:ooxml-odf-interop:xmlns:form:1.0" xmlns:svg="urn:oasis:names:tc:opendocument:xmlns:svg-compatible:1.0" xmlns:rpt="http://openoffice.org/2005/report" xmlns:dr3d="urn:oasis:names:tc:opendocument:xmlns:dr3d:1.0" xmlns:tableooo="http://openoffice.org/2009/table" xmlns:draw="urn:oasis:names:tc:opendocument:xmlns:drawing:1.0" xmlns:of="urn:oasis:names:tc:opendocument:xmlns:of:1.2" xmlns:text="urn:oasis:names:tc:opendocument:xmlns:text:1.0" xmlns:style="urn:oasis:names:tc:opendocument:xmlns:style:1.0" xmlns:dc="http://purl.org/dc/elements/1.1/" xmlns:calcext="urn:org:documentfoundation:names:experimental:calc:xmlns:calcext:1.0" xmlns:oooc="http://openoffice.org/2004/calc" xmlns:xlink="http://www.w3.org/1999/xlink" xmlns:drawooo="http://openoffice.org/2010/draw" xmlns:ooow="http://openoffice.org/2004/writer" xmlns:fo="urn:oasis:names:tc:opendocument:xmlns:xsl-fo-compatible:1.0" xmlns:ooo="http://openoffice.org/2004/office" xmlns:office="urn:oasis:names:tc:opendocument:xmlns:office:1.0" office:version="1.4"><office:scripts/><office:font-face-decls><style:font-face style:name="Arial" svg:font-family="Arial"/><style:font-face style:name="Arial Unicode MS" svg:font-family="&apos;Arial Unicode MS&apos;" style:font-family-generic="system" style:font-pitch="variable"/><style:font-face style:name="Liberation Sans" svg:font-family="&apos;Liberation Sans&apos;" style:font-family-generic="swiss" style:font-pitch="variable"/><style:font-face style:name="Tahoma" svg:font-family="Tahoma" style:font-family-generic="system" style:font-pitch="variable"/></office:font-face-decls><office:automatic-styles><style:style style:name="P1" style:family="paragraph" style:parent-style-name="Standard" style:master-page-name="Standard1"><style:paragraph-properties style:page-number="auto"/><style:text-properties text:display="none"/></style:style><style:style style:name="Sect1" style:family="section"><style:section-properties style:editable="false"><style:columns fo:column-count="1" fo:column-gap="0cm"/></style:section-properties></style:style></office:automatic-styles><office:body><office:text text:use-soft-page-breaks="true"><text:tracked-changes><text:changed-region xml:id="ct30673976960" text:id="ct30673976960"><text:UnknownChange><office:change-info><dc:creator>Unknown Author</dc:creator><dc:date>2025-12-17T12:26:34</dc:date></office:change-info></text:UnknownChange></text:changed-region></text:tracked-changes><text:sequence-decls><text:sequence-decl text:display-outline-level="0" text:name="Illustration"/><text:sequence-decl text:display-outline-level="0" text:name="Table"/><text:sequence-decl text:display-outline-level="0" text:name="Text"/><text:sequence-decl text:display-outline-level="0" text:name="Drawing"/><text:sequence-decl text:display-outline-level="0" text:name="Figure"/></text:sequence-decls><text:section text:style-name="Sect1" text:name="Section1"><text:p text:style-name="P1"/><text:h text:style-name="Heading_20_1" text:outline-level="1"><text:change-start text:change-id="ct30673976960"/>Úvod<text:change-end text:change-id="ct30673976960"/></text:h><text:p text:style-name="Standard">Multidisciplinární přístup je zásadní zejména při diagnostice a léčbě složitých onemocnění. AI se osvědčuje zejména v radiologii, kde pomáhá s interpretací obrazových dat, ale i v prediktivní analýze, kde je schopna odhalit vzorce indikující závažné zdravotní stavy. Technologie anonymizace dat a blockchain přispívají k vyšší úrovni zabezpečení, což je klíčové zejména u citlivých zdravotních informací. Výzkum v této oblasti přináší naději pro pacienty, kteří trpí těžko léčitelnými onemocněními, jako jsou některé formy epilepsie či depresivních poruch, kde individuální přístup k medikaci může výrazně zvýšit úspěšnost léčby. Rozvoj chytrých zdravotnických zařízení podporuje autonomní řízení léčebných procesů.</text:p><text:p text:style-name="Standard">Role vzdělávání zdravotnického personálu v oblasti paliativní péče</text:p><text:p text:style-name="Standard">Elektronické zdravotní záznamy, telemedicína a využití umělé inteligence umožňují nejen přesnější diagnostiku, ale také usnadňují přístup k péči pro obyvatele vzdálených regionů. V kontextu globálních zdravotních hrozeb, jako jsou pandemie, se výzkum zaměřuje na možnosti univerzálních vakcín, které by poskytovaly ochranu proti širokému spektru virových kmenů. Navzdory výhodám preventivní medicíny existují překážky, jako je nízká míra účasti veřejnosti na preventivních prohlídkách. Ačkoli technologie v této oblasti rychle pokročily, je nutné vyřešit otázky spolehlivosti a standardizace metod, aby byly biomarkery plně využitelné v rutinní klinické praxi. Farmakogenomika otevírá nové možnosti personalizované terapie u pacientů s chronickými onemocněními.</text:p><text:p text:style-name="Standard">Role telemedicíny v zajištění péče o pacienty s chronickými nemocemi</text:p><text:p text:style-name="Standard">Inovace v chirurgických přístrojích</text:p><text:p text:style-name="Standard">Jednou z největších překážek je komplexnost genetických analýz a otázky etiky spojené se zpracováním osobních údajů. Personalizovaná výživa na základě genetických predispozic se stává klíčovým faktorem preventivní medicíny. Výzvou však zůstává nalézt rovnováhu mezi potřebou sdílení dat pro výzkum a právem jednotlivců na soukromí. Zejména potřeba efektivního šíření informací a motivace obyvatelstva k aktivnímu přístupu ke svému zdraví zůstávají klíčovými oblastmi, které vyžadují další výzkum a inovace.</text:p><text:p text:style-name="Standard">Rozvoj chytrých zdravotnických zařízení podporuje autonomní řízení léčebných procesů. Přes nepopiratelný přínos preventivní péče jsou zde však i určité výzvy. Chronická onemocnění představují dlouhodobou zátěž pro pacienty i pro zdravotnické systémy a vyžadují komplexní přístup ke zvládání jejich symptomů a komplikací. Různé modely primární péče zahrnují lékařské ordinace, zdravotnická centra a mobilní kliniky, což umožňuje pružnější přístup k pacientům v různých lokalitách.</text:p><text:p text:style-name="Standard">Fyzioterapie hraje důležitou roli v rehabilitaci pacientů po úrazech, operacích a v léčbě chronických pohybových obtíží. Umělá inteligence v radiologii přispívá k rychlejší a přesnější interpretaci lékařských zobrazovacích metod. Zvyšující se využívání dat v oblasti medicíny vyvolává otázky kolem etiky a ochrany osobních údajů pacientů. Efektivní spolupráce mezi různými zdravotnickými specialisty se stává klíčovým faktorem moderní medicíny.</text:p><text:p text:style-name="Standard">Důležitost multidisciplinární spolupráce v komplexní péči</text:p><text:p text:style-name="Standard">Důraz na efektivní komunikaci mezi lékaři, zdravotními sestrami, farmaceuty a dalšími specialisty přispívá nejen k lepším výsledkům léčby, ale také k vyšší spokojenosti pacientů. Navzdory slibným vyhlídkám však personalizovaná medicína čelí i výzvám, jako je složitost analýzy genetických dat a otázky související s ochranou osobních údajů. Tlak na dosažení vyšších standardů může rovněž vyvolávat stres a zátěž na zdravotnický personál, což následně může ovlivnit kvalitu péče a pracovní prostředí. Molekulární diagnostika umožňuje detekci patogenů s vysokou přesností a rychlostí, což napomáhá lepšímu zvládání infekčních nemocí. Umělá inteligence v radiologii přispívá k rychlejší a přesnější interpretaci lékařských zobrazovacích metod.</text:p><text:p text:style-name="Standard">Díky farmakogenetice je možné předvídat, jak bude pacient reagovat na specifický lék, což umožňuje lépe přizpůsobit léčbu jeho potřebám a zamezit nežádoucím účinkům. Programy zaměřené na včasnou diagnostiku a osvětu přispívají ke zlepšení celkového zdraví populace. Inovace v oblasti biomateriálů umožňují konstrukci pokročilých implantátů s vysokou biokompatibilitou. Navzdory výhodám preventivní medicíny existují překážky, jako je nízká míra účasti veřejnosti na preventivních prohlídkách. Robotická chirurgie poskytuje vyšší preciznost a minimalizuje invazivitu zákroků.</text:p><text:p text:style-name="Standard">Genomika a její medicínské aplikace</text:p><text:p text:style-name="Standard">Interdisciplinární týmy v paliativní péči zahrnují lékaře, sestry, psychoterapeuty a další odborníky, kteří společně pracují na vytvoření individuálního plánu péče. Chronická onemocnění představují dlouhodobou zátěž pro pacienty i pro zdravotnické systémy a vyžadují komplexní přístup ke zvládání jejich symptomů a komplikací. Výzkum mikrobiomu odhaluje stále nové souvislosti mezi střevními bakteriemi a celkovým zdravím organismu. Farmakogenomika otevírá nové možnosti personalizované terapie u pacientů s chronickými onemocněními.</text:p><text:p text:style-name="Standard">Různé modely primární péče zahrnují lékařské ordinace, zdravotnická centra a mobilní kliniky, což <text:soft-page-break/>umožňuje pružnější přístup k pacientům v různých lokalitách. Umělá inteligence v radiologii přispívá k rychlejší a přesnější interpretaci lékařských zobrazovacích metod. Vývoj pokročilých zobrazovacích metod, jako je funkční magnetická rezonance, přináší hlubší vhled do fungování lidského mozku. Různé modely primární péče zahrnují lékařské ordinace, zdravotnická centra a mobilní kliniky, což umožňuje pružnější přístup k pacientům v různých lokalitách. Jedním z moderních trendů v chirurgii je minimalizace invazivních zákroků prostřednictvím laparoskopických a robotických operací.</text:p><text:p text:style-name="Standard">Dlouhodobé ekonomické benefity zahrnují snížení nákladů na hospitalizace a redukci neúčinných terapií. Genetický výzkum a analýza biomarkerů přispívají k rozvoji cílených terapeutických přístupů. Výzvou však zůstává nalézt rovnováhu mezi potřebou sdílení dat pro výzkum a právem jednotlivců na soukromí. Digitalizace rovněž vyžaduje adaptaci zdravotnického personálu na nové systémy, což představuje další výzvu z hlediska potřebného vzdělání a školení.</text:p><text:p text:style-name="Standard">Fyzioterapie a rehabilitace</text:p><text:p text:style-name="Standard">Cvičení pro udržení mobility</text:p><text:p text:style-name="Standard">Terapie zaměřené na rovnováhu</text:p><text:p text:style-name="Standard">Gastroenterologická vyšetření</text:p><text:p text:style-name="Standard">Gastroskopie</text:p><text:p text:style-name="Standard">Kolonoskopie</text:p><text:p text:style-name="Standard">FibroScan pro jaterní testy</text:p><text:p text:style-name="Standard">Ultrazvuk břicha</text:p><text:p text:style-name="Standard">Pediatrická vyšetření</text:p><text:p text:style-name="Standard">Měření výšky a hmotnosti</text:p><text:p text:style-name="Standard">Testy na sluch a zrak</text:p><text:p text:style-name="Standard">Imunizační program</text:p><text:p text:style-name="Standard">Zdravotní preventivní opatření</text:p><text:p text:style-name="Standard">Očkování</text:p><text:p text:style-name="Standard">Zdravý životní styl</text:p><text:p text:style-name="Standard">Pravidelné prohlídky</text:p><text:p text:style-name="Standard">Psychosociální podpora pacientů</text:p><text:p text:style-name="Standard">3D biotisk přináší nové možnosti v oblasti tkáňového inženýrství a transplantologie. Robotická chirurgie přináší vyšší přesnost zákroků, kratší dobu rekonvalescence a nižší riziko pooperačních komplikací. Molekulární diagnostika umožňuje detekci patogenů s vysokou přesností a rychlostí, což napomáhá lepšímu zvládání infekčních nemocí. Moderní vakcinační technologie, jako jsou mRNA vakcíny, umožňují rychle reagovat na nové patogeny a epidemie.</text:p><text:p text:style-name="Standard">Chronická zánětlivá onemocnění jsou stále častěji spojována s dysregulací imunitního systému a environmentálními faktory. Dlouhodobé ekonomické benefity zahrnují snížení nákladů na hospitalizace a redukci neúčinných terapií. Výzkum v této oblasti přináší naději pro pacienty, kteří trpí těžko léčitelnými onemocněními, jako jsou některé formy epilepsie či depresivních poruch, kde individuální přístup k medikaci může výrazně zvýšit úspěšnost léčby. Dlouhodobé ekonomické benefity zahrnují snížení nákladů na hospitalizace a redukci neúčinných terapií. Význam spánkové medicíny a studia poruch spánku roste, protože nedostatek kvalitního spánku je spojen s rizikem různých chronických onemocnění, včetně kardiovaskulárních chorob, diabetu a deprese.</text:p><text:p text:style-name="Standard">Výzvou zůstává přesnost dat, zejména v rychle se měnících podmínkách, jako jsou epidemie a pandemie, kde je potřeba rychle reagovat na nově vznikající informace a přizpůsobit strategie v reálném čase. S nástupem nových patogenů, jako jsou multirezistentní bakterie, však narůstají i požadavky na přísnější kontrolní opatření a na vývoj nových, efektivnějších dezinfekčních metod. Jednou z největších překážek je komplexnost genetických analýz a otázky etiky spojené se zpracováním osobních údajů. Kvalita vstupních dat, transparentnost modelů a etické otázky kolem jejich používání jsou klíčové aspekty, které nelze při implementaci AI ve zdravotnictví přehlížet. Nanotechnologie nachází uplatnění při cíleném doručování léčiv do postižených tkání.</text:p><text:p text:style-name="Standard">Stanovení léčebného plánu</text:p><text:p text:style-name="Standard">Konzultace s odborníky</text:p><text:p text:style-name="Standard">Předepsání medikace</text:p><text:p text:style-name="Standard">Onkologická screeningová vyšetření</text:p><text:p text:style-name="Standard">Mamografie pro ženy</text:p><text:p text:style-name="Standard">Kolonoskopie pro muže a ženy</text:p><text:p text:style-name="Standard">PAP test pro ženy</text:p><text:p text:style-name="Standard">Dermatoskopie pro detekci melanomu</text:p><text:p text:style-name="Standard">Gastroenterologická vyšetření</text:p><text:p text:style-name="Standard">Gastroskopie</text:p><text:p text:style-name="Standard">Kolonoskopie</text:p><text:p text:style-name="Standard"><text:soft-page-break/>FibroScan pro jaterní testy</text:p><text:p text:style-name="Standard">Ultrazvuk břicha</text:p><text:p text:style-name="Standard">Reprodukční vyšetření</text:p><text:p text:style-name="Standard">Ultrazvuková vyšetření v těhotenství</text:p><text:p text:style-name="Standard">Spermiogram pro muže</text:p><text:p text:style-name="Standard">Testy na plodnost u žen</text:p><text:p text:style-name="Standard">Analýza nákladů a přínosů farmakogenetického testování</text:p><text:p text:style-name="Standard">Chirurgické inovace v oblasti minimálně invazivních zákroků</text:p><text:p text:style-name="Standard">Zvyšování kvality péče však vyžaduje i investice do infrastruktury a moderních technologií. Kvalita vstupních dat, transparentnost modelů a etické otázky kolem jejich používání jsou klíčové aspekty, které nelze při implementaci AI ve zdravotnictví přehlížet. Personalizovaná medicína staví na detailním pochopení biologických mechanismů nemocí a přizpůsobení léčby individuálním potřebám pacientů. Přestože zdravotnická data nabízejí obrovský potenciál pro zlepšení výzkumu a personalizaci péče, jejich sběr a zpracování musí být prováděny v souladu s přísnými etickými normami a právními předpisy.</text:p><text:p text:style-name="Standard">Biomarkery se stále častěji používají pro včasnou detekci nemocí a monitorování účinnosti léčby. Různé modely primární péče zahrnují lékařské ordinace, zdravotnická centra a mobilní kliniky, což umožňuje pružnější přístup k pacientům v různých lokalitách. Digitalizace rovněž vyžaduje adaptaci zdravotnického personálu na nové systémy, což představuje další výzvu z hlediska potřebného vzdělání a školení. Vývoj vakcín a jejich efektivní distribuce hraje zásadní roli v prevenci infekčních onemocnění. V rámci veřejného zdravotnictví je klíčovou otázkou dostupnost primární péče, která zajišťuje základní zdravotní služby a slouží jako první kontakt pacienta se systémem.</text:p><text:p text:style-name="Standard">Umělá inteligence v medicíně</text:p><text:p text:style-name="Standard">Intervence zahrnující psychoterapii, podpůrné skupiny a behaviorální terapie jsou klíčové zejména u pacientů s onkologickými onemocněními nebo chronickými bolestmi, kde dlouhodobý stres může negativně ovlivnit průběh onemocnění. Práce s velkými daty umožňuje prediktivní analýzy vývoje epidemiologických trendů. Vývoj vakcín a jejich efektivní distribuce hraje zásadní roli v prevenci infekčních onemocnění. Primární péče nejenže umožňuje včasnou diagnostiku a prevenci, ale také optimalizuje náklady tím, že předchází zbytečným hospitalizacím a specializovaným zákrokům.</text:p><text:p text:style-name="Standard">Integrace velkých dat a pokročilé analytiky do zdravotnických systémů umožňuje efektivnější plánování péče a alokaci zdrojů. Zvyšování kvality péče však vyžaduje i investice do infrastruktury a moderních technologií. Moderní pokroky v oblasti personalizované medicíny umožňují lékařům přesněji cílit léčbu na jednotlivé pacienty. Biomarkery, jako jsou proteiny, metabolity nebo genetické mutace, mohou sloužit jako indikátory specifických patologických procesů v těle. V kontextu globálních zdravotních hrozeb, jako jsou pandemie, se výzkum zaměřuje na možnosti univerzálních vakcín, které by poskytovaly ochranu proti širokému spektru virových kmenů.</text:p><text:p text:style-name="Standard">Multidisciplinární přístup je zásadní zejména při diagnostice a léčbě složitých onemocnění. Různé modely primární péče zahrnují lékařské ordinace, zdravotnická centra a mobilní kliniky, což umožňuje pružnější přístup k pacientům v různých lokalitách. Digitalizace rovněž vyžaduje adaptaci zdravotnického personálu na nové systémy, což představuje další výzvu z hlediska potřebného vzdělání a školení. Tento pokrok má zásadní dopad zejména na léčbu nádorových onemocnění a vzácných genetických poruch.</text:p><text:p text:style-name="Standard">Význam efektivního zdravotnického systému pro zajištění primární péče</text:p><text:p text:style-name="Standard">Kvalitní dlouhodobá péče vyžaduje koordinaci mezi zdravotnickým personálem, rodinami a sociálními službami, což klade vysoké nároky na finanční a lidské zdroje. Management chronických onemocnění rovněž klade důraz na vzdělávání pacientů, aby se sami stali aktivními účastníky své léčby, což je klíčové pro udržení stability jejich zdravotního stavu. Vývoj pokročilých zobrazovacích metod, jako je funkční magnetická rezonance, přináší hlubší vhled do fungování lidského mozku. Nedostatek koordinace může vést k nedorozuměním, zbytečným prodlevám v léčbě a vyšší pracovní zátěži.</text:p><text:p text:style-name="Standard">Zvyšující se využívání dat v oblasti medicíny vyvolává otázky kolem etiky a ochrany osobních údajů pacientů. Metody používané v epidemiologii, jako jsou kohortové studie, případové studie nebo randomizované kontrolované studie, zajišťují spolehlivé a reprodukovatelné výsledky, které jsou neocenitelné při řízení veřejného zdraví. Farmakogenetika představuje nový obor, který se zabývá studiem toho, jak genetické variace ovlivňují individuální reakce na léčiva. Společná práce odborníků z různých lékařských oborů umožňuje rychlejší a přesnější rozhodování. Intervence zahrnující psychoterapii, podpůrné skupiny a behaviorální terapie jsou klíčové zejména u pacientů s onkologickými onemocněními nebo chronickými bolestmi, kde dlouhodobý stres může negativně ovlivnit průběh onemocnění.</text:p><text:p text:style-name="Standard">Efektivní spolupráce mezi různými zdravotnickými specialisty se stává klíčovým faktorem moderní medicíny. Digitalizace rovněž vyžaduje adaptaci zdravotnického personálu na nové systémy, což <text:soft-page-break/>představuje další výzvu z hlediska potřebného vzdělání a školení. Tento pokrok má zásadní dopad zejména na léčbu nádorových onemocnění a vzácných genetických poruch. V posledních letech se stále více rozšiřují nové přístupy, jako je vodní terapie a virtuální realita, které pacientům nabízejí inovativní možnosti rehabilitace.</text:p><text:p text:style-name="Standard">Důležitost multidisciplinární spolupráce v komplexní péči</text:p><text:p text:style-name="Standard">Chronická onemocnění představují dlouhodobou zátěž pro pacienty i pro zdravotnické systémy a vyžadují komplexní přístup ke zvládání jejich symptomů a komplikací. Farmakogenetika představuje nový obor, který se zabývá studiem toho, jak genetické variace ovlivňují individuální reakce na léčiva. Zavádění nových technologií s sebou však nese také bezpečnostní rizika, zejména v oblasti ochrany dat pacientů. Integrace elektronických zdravotních záznamů zefektivňuje sdílení informací mezi zdravotnickými zařízeními. Fyzioterapeuti využívají různé techniky, jako je manuální terapie, cvičení a elektroterapie, které podporují regeneraci svalů, kloubů a nervové soustavy.</text:p><text:p text:style-name="Standard">Pokroky v regenerativní medicíně, včetně využití kmenových buněk, nabízejí naději na léčbu doposud nevyléčitelných onemocnění. V kontextu globálních zdravotních hrozeb, jako jsou pandemie, se výzkum zaměřuje na možnosti univerzálních vakcín, které by poskytovaly ochranu proti širokému spektru virových kmenů. Nedostatečná koordinace může vést k chybám v péči a zvýšené pracovní zátěži pro jednotlivé členy týmu. Motivace lidí ke zdravému životnímu stylu vyžaduje nejen edukaci, ale i podporu ze strany zdravotnických institucí a státu.</text:p><text:p text:style-name="Standard">Kardiovaskulární onemocnění, cukrovka a rakovina patří mezi nejčastější choroby, jejichž prevence může zachránit tisíce životů. Fyzioterapie se zaměřuje nejen na obnovu fyzických funkcí, ale také na zlepšení psychického stavu pacienta, čímž přispívá k celkové kvalitě života. Farmakogenomika otevírá nové možnosti personalizované terapie u pacientů s chronickými onemocněními. Moderní výzkum v oblasti neurověd přispívá k lepšímu pochopení mechanismů neurodegenerativních onemocnění, jako je Alzheimerova choroba. Optimálně nastavená léčba minimalizuje potřebu opakovaných lékařských zásahů a zkracuje dobu rekonvalescence.</text:p><text:p text:style-name="Standard">Psychosociální podpora jako klíčový faktor v péči o pacienty</text:p><text:p text:style-name="Standard">Personalizované vakcíny založené na mRNA technologii otevírají nové možnosti nejen v oblasti infekčních chorob, ale i onkologie. Zejména potřeba efektivního šíření informací a motivace obyvatelstva k aktivnímu přístupu ke svému zdraví zůstávají klíčovými oblastmi, které vyžadují další výzkum a inovace. Interdisciplinární spolupráce mezi lékaři, inženýry a informatiky akceleruje pokrok v digitální medicíně. Kvalita vstupních dat, transparentnost modelů a etické otázky kolem jejich používání jsou klíčové aspekty, které nelze při implementaci AI ve zdravotnictví přehlížet. Integrace velkých dat a pokročilé analytiky do zdravotnických systémů umožňuje efektivnější plánování péče a alokaci zdrojů.</text:p><text:p text:style-name="Standard">Psychosociální podpora pacientů</text:p><text:p text:style-name="Standard">Význam personalizované medicíny v moderní zdravotní péči</text:p><text:p text:style-name="Standard">Intervence zahrnující psychoterapii, podpůrné skupiny a behaviorální terapie jsou klíčové zejména u pacientů s onkologickými onemocněními nebo chronickými bolestmi, kde dlouhodobý stres může negativně ovlivnit průběh onemocnění. Efektivní spolupráce mezi různými zdravotnickými specialisty se stává klíčovým faktorem moderní medicíny. Paliativní péče nezahrnuje pouze zmírnění fyzických symptomů, ale také psychosociální a duchovní podporu, jak pro pacienty, tak pro jejich rodiny. Výzkum mikrobiomu odhaluje stále nové souvislosti mezi střevními bakteriemi a celkovým zdravím organismu. Vývoj biologických léčiv přináší revoluční přístupy v terapii autoimunitních a onkologických onemocnění.</text:p><text:p text:style-name="Standard">Hygienické standardy a kontrola infekcí v nemocnicích jsou zásadní pro zajištění bezpečnosti pacientů i zdravotnického personálu. Biomarkery se stále častěji používají pro včasnou detekci nemocí a monitorování účinnosti léčby. Moderní diagnostické metody umožňují přesnější identifikaci patofyziologických mechanismů nemocí. Zejména potřeba efektivního šíření informací a motivace obyvatelstva k aktivnímu přístupu ke svému zdraví zůstávají klíčovými oblastmi, které vyžadují další výzkum a inovace. Programy zaměřené na včasnou diagnostiku a osvětu přispívají ke zlepšení celkového zdraví populace.</text:p><text:p text:style-name="Standard">Optimalizace primární péče a zvýšení její efektivity</text:p><text:p text:style-name="Standard">Nanomedicína přináší inovativní řešení pro cílený transport léčiv přímo do postižených tkání, čímž minimalizuje vedlejší účinky terapie. Hygienické standardy a kontrola infekcí v nemocnicích jsou zásadní pro zajištění bezpečnosti pacientů i zdravotnického personálu. Investice do preventivních opatření snižují celkové náklady na zdravotní péči a prodlužují délku života obyvatel. Optimalizace klinických protokolů vede ke zkrácení doby hospitalizace a zlepšení zdravotních výsledků.</text:p><text:p text:style-name="Standard">Management chronických onemocnění rovněž klade důraz na vzdělávání pacientů, aby se sami stali aktivními účastníky své léčby, což je klíčové pro udržení stability jejich zdravotního stavu. Přístup zaměřený na preventivní péči zahrnuje edukaci populace, zdravotní screeningy a podporu zdravého <text:soft-page-break/>životního stylu. Přestože význam paliativní péče roste, často čelí omezeným finančním zdrojům a nízké dostupnosti v některých regionech, což omezuje přístup ke kvalitní péči pro mnoho pacientů v závěrečných fázích jejich života. Moderní pokroky v oblasti personalizované medicíny umožňují lékařům přesněji cílit léčbu na jednotlivé pacienty. Význam epigenetiky v pochopení vzniku nádorových onemocnění stále roste a ovlivňuje strategie cílené léčby.</text:p><text:p text:style-name="Standard">Nicméně, vybudování funkčního multidisciplinárního týmu vyžaduje náročné organizační schopnosti a efektivní leadership. Pokročilé zobrazovací techniky umožňují detailní analýzu anatomických struktur s vysokým rozlišením. Integrace elektronických zdravotních záznamů zefektivňuje sdílení informací mezi zdravotnickými zařízeními. V kontextu psychologické podpory pacientů se stále více uznává význam psychosociálních aspektů v léčbě chronických onemocnění. Optimalizace klinických protokolů vede ke zkrácení doby hospitalizace a zlepšení zdravotních výsledků.</text:p><text:p text:style-name="Standard">Vývoj nových diagnostických metod v oblasti infekčních nemocí</text:p><text:p text:style-name="Standard">Multidisciplinární přístup je zásadní zejména při diagnostice a léčbě složitých onemocnění. V onkologii jsou biomarkery klíčové pro identifikaci agresivních typů nádorů a přizpůsobení terapeutických postupů. Přestože tato technologie výrazně zlepšuje výsledky v určitých typech zákroků, její vysoká pořizovací cena a náklady na školení personálu představují limitaci, která brání širokému zavedení ve všech zdravotnických zařízeních. Tato péče zahrnuje široké spektrum služeb, od základní asistence s každodenními činnostmi po specializovanou péči o pacienty s demencí či Alzheimerovou chorobou.</text:p><text:p text:style-name="Standard">V onkologii jsou biomarkery klíčové pro identifikaci agresivních typů nádorů a přizpůsobení terapeutických postupů. Implementace blockchainu ve zdravotnictví zajišťuje vyšší úroveň bezpečnosti a integrity dat. Zvyšování kvality péče však vyžaduje i investice do infrastruktury a moderních technologií. Společná práce odborníků z různých lékařských oborů umožňuje rychlejší a přesnější rozhodování.</text:p><text:p text:style-name="Standard">Robotická chirurgie v klinické praxi</text:p><text:p text:style-name="Standard">Metody používané v epidemiologii, jako jsou kohortové studie, případové studie nebo randomizované kontrolované studie, zajišťují spolehlivé a reprodukovatelné výsledky, které jsou neocenitelné při řízení veřejného zdraví. Vývoj pokročilých zobrazovacích metod, jako je funkční magnetická rezonance, přináší hlubší vhled do fungování lidského mozku. Rostoucí využívání umělé inteligence (AI) a strojového učení ve zdravotnictví transformuje diagnostické procesy a rozhodování v klinické praxi. Motivace lidí ke zdravému životnímu stylu vyžaduje nejen edukaci, ale i podporu ze strany zdravotnických institucí a státu. Spojení odborníků z různých lékařských oborů umožňuje efektivnější diagnostiku a rychlejší stanovení léčebných plánů.</text:p><text:p text:style-name="Standard">Robotická chirurgie přináší vyšší přesnost zákroků, kratší dobu rekonvalescence a nižší riziko pooperačních komplikací. V kontextu globálních zdravotních hrozeb, jako jsou pandemie, se výzkum zaměřuje na možnosti univerzálních vakcín, které by poskytovaly ochranu proti širokému spektru virových kmenů. Metody prevence nozokomiálních infekcí, jako je pravidelná dezinfekce povrchů, používání sterilních materiálů a důsledná hygiena rukou, patří mezi základní postupy, které minimalizují riziko přenosu infekcí. Nicméně, vybudování funkčního multidisciplinárního týmu vyžaduje náročné organizační schopnosti a efektivní leadership. Management chronických onemocnění rovněž klade důraz na vzdělávání pacientů, aby se sami stali aktivními účastníky své léčby, což je klíčové pro udržení stability jejich zdravotního stavu.</text:p><text:p text:style-name="Standard">Nanomedicína přináší inovativní řešení pro cílený transport léčiv přímo do postižených tkání, čímž minimalizuje vedlejší účinky terapie. Vliv životního stylu na vznik chronických onemocnění je stále více akcentován v edukačních kampaních zaměřených na veřejné zdraví. Epidemiologie je klíčovou oblastí studia, která umožňuje lépe porozumět distribuci a determinantům nemocí v populaci. Díky dobře koordinovanému týmu se zvyšuje nejen účinnost léčby, ale také komfort pacientů. Vývoj pokročilých zobrazovacích metod, jako je funkční magnetická rezonance, přináší hlubší vhled do fungování lidského mozku.</text:p><text:p text:style-name="Standard">Personalizované přístupy k léčbě neurodegenerativních onemocnění</text:p><text:p text:style-name="Standard">Komunikace mezi lékaři, sestrami, farmaceuty a dalšími specialisty má zásadní vliv na úspěšnost léčby. Metody používané v epidemiologii, jako jsou kohortové studie, případové studie nebo randomizované kontrolované studie, zajišťují spolehlivé a reprodukovatelné výsledky, které jsou neocenitelné při řízení veřejného zdraví. Výzvou zůstává přesnost dat, zejména v rychle se měnících podmínkách, jako jsou epidemie a pandemie, kde je potřeba rychle reagovat na nově vznikající informace a přizpůsobit strategie v reálném čase. Pokrok v oblasti proteomiky přispívá k identifikaci nových terapeutických cílů a vývoji preciznějších léčebných strategií.</text:p><text:p text:style-name="Standard">Metodika klinických studií pro hodnocení nových léčiv</text:p><text:p text:style-name="Standard">Nové techniky ve výzkumu buněčné regenerace</text:p><text:p text:style-name="Standard">Farmakogenomika otevírá nové možnosti personalizované terapie u pacientů s chronickými <text:soft-page-break/>onemocněními. Navzdory pozitivním aspektům přináší personalizovaná medicína i řadu výzev. Genetický výzkum a analýza biomarkerů přispívají k rozvoji cílených terapeutických přístupů. Vývoj pokročilých zobrazovacích metod, jako je funkční magnetická rezonance, přináší hlubší vhled do fungování lidského mozku. Přesto se psychosociální péče potýká s nedostatkem personálu a financí, což znesnadňuje její systematické začlenění do zdravotní péče ve větším měřítku.</text:p><text:p text:style-name="Standard">Přestože tato technologie výrazně zlepšuje výsledky v určitých typech zákroků, její vysoká pořizovací cena a náklady na školení personálu představují limitaci, která brání širokému zavedení ve všech zdravotnických zařízeních. Personalizovaná medicína slibuje nejen vyšší účinnost léčby, ale také omezení nežádoucích vedlejších účinků, které jsou spojeny s používáním tradičních farmaceutik. Péče zaměřená nejen na fyzické, ale i na psychické a sociální potřeby pacienta zvyšuje celkovou kvalitu života a přispívá k lepším výsledkům léčby. Digitalizace rovněž vyžaduje adaptaci zdravotnického personálu na nové systémy, což představuje další výzvu z hlediska potřebného vzdělání a školení. Tyto techniky umožňují provádět složité zákroky s menším narušením tkání, což vede k rychlejší rekonvalescenci a nižším rizikům komplikací.</text:p><text:p text:style-name="Standard">Strategie pro efektivní řízení chronických onemocnění</text:p><text:p text:style-name="Standard">Zavedení digitálních zdravotních asistentů s využitím AI zlepšuje management chronických onemocnění a podporu pacientů v domácí péči. Vývoj biologických léčiv přináší revoluční přístupy v terapii autoimunitních a onkologických onemocnění. Ačkoli má tato technologie obrovský potenciál, její aplikace vyžaduje pečlivou kontrolu a validaci. Fyzioterapie se zaměřuje nejen na obnovu fyzických funkcí, ale také na zlepšení psychického stavu pacienta, čímž přispívá k celkové kvalitě života.</text:p><text:p text:style-name="Standard">Syntetická biologie otevírá cestu k tvorbě nových terapeutických a diagnostických nástrojů. Aby byla vakcinace efektivní, je potřeba zajistit nejen dostatek vakcín, ale také dostatečnou míru informovanosti a důvěry veřejnosti. Výzvou zůstává přesnost dat, zejména v rychle se měnících podmínkách, jako jsou epidemie a pandemie, kde je potřeba rychle reagovat na nově vznikající informace a přizpůsobit strategie v reálném čase. Navzdory pozitivním aspektům přináší personalizovaná medicína i řadu výzev.</text:p><text:p text:style-name="Standard">Zdravotnické inovace a technologie</text:p><text:p text:style-name="Standard">Robotické systémy poskytují chirurgům vyšší přesnost a stabilitu, čímž zvyšují bezpečnost a účinnost operací. Tato hodnocení pomáhají nejen monitorovat úroveň poskytované péče, ale také identifikovat oblasti, kde je možné dosáhnout zlepšení. Optimalizace klinických protokolů vede ke zkrácení doby hospitalizace a zlepšení zdravotních výsledků. S nástupem nových patogenů, jako jsou multirezistentní bakterie, však narůstají i požadavky na přísnější kontrolní opatření a na vývoj nových, efektivnějších dezinfekčních metod.</text:p><text:p text:style-name="Standard">Molekulární diagnostika umožňuje detekci patogenů s vysokou přesností a rychlostí, což napomáhá lepšímu zvládání infekčních nemocí. Tato péče zahrnuje široké spektrum služeb, od základní asistence s každodenními činnostmi po specializovanou péči o pacienty s demencí či Alzheimerovou chorobou. Významným přínosem je také snížení ekonomických nákladů v dlouhodobém horizontu, neboť vhodně zvolená terapie snižuje nutnost opakovaných intervencí a hospitalizací. Elektronické zdravotní záznamy, telemedicína a využití umělé inteligence umožňují nejen přesnější diagnostiku, ale také usnadňují přístup k péči pro obyvatele vzdálených regionů. Dlouhodobé sledování pacientů prostřednictvím telemedicíny usnadňuje včasnou detekci komplikací.</text:p><text:p text:style-name="Standard">Biomarkery v diagnostice nemocí</text:p><text:p text:style-name="Standard">Rostoucí důraz na udržitelnost ve farmaceutickém průmyslu vede k vývoji ekologičtějších výrobních procesů a biodegradabilních obalů léčiv. Multidisciplinární přístup je zásadní zejména při diagnostice a léčbě složitých onemocnění. Nicméně, vybudování funkčního multidisciplinárního týmu vyžaduje náročné organizační schopnosti a efektivní leadership. Zvyšující se využívání dat v oblasti medicíny vyvolává otázky kolem etiky a ochrany osobních údajů pacientů.</text:p><text:p text:style-name="Standard">Navzdory pozitivním aspektům přináší personalizovaná medicína i řadu výzev. Rozvoj biotechnologií umožňuje výrobu cílených biologických léčiv, která se zaměřují na specifické molekulární dráhy nemocí. Personalizované vakcíny založené na mRNA technologii otevírají nové možnosti nejen v oblasti infekčních chorob, ale i onkologie. Syntetická biologie otevírá cestu k tvorbě nových terapeutických a diagnostických nástrojů.</text:p><text:p text:style-name="Standard">Strategie pro zvyšování efektivity primární péče</text:p><text:p text:style-name="Standard">Význam včasné diagnostiky</text:p><text:p text:style-name="Standard">Problematika multidisciplinární spolupráce v rámci zdravotnických týmů je klíčovým aspektem moderní péče o pacienty, zejména v případě komplexních zdravotních stavů. Genetické testování se stává stále dostupnějším nástrojem pro identifikaci dědičných predispozic k různým chorobám. Ačkoli má tato technologie obrovský potenciál, její aplikace vyžaduje pečlivou kontrolu a validaci. Vývoj vakcín a jejich efektivní distribuce hraje zásadní roli v prevenci infekčních onemocnění.</text:p><text:p text:style-name="Standard"><text:soft-page-break/>Paliativní péče je specializovaná forma zdravotní péče, která se zaměřuje na kvalitu života pacientů s pokročilými a nevyléčitelnými onemocněními. Implementace blockchainu ve zdravotnictví zajišťuje vyšší úroveň bezpečnosti a integrity dat. Nedostatečná koordinace může vést k chybám v péči a zvýšené pracovní zátěži pro jednotlivé členy týmu. Buněčné terapie představují inovativní přístup k léčbě neurodegenerativních onemocnění. Moderní pokroky v oblasti personalizované medicíny umožňují lékařům přesněji cílit léčbu na jednotlivé pacienty.</text:p><text:p text:style-name="Standard">Inovace v oblasti robotické chirurgie a jejich klinické využití</text:p><text:p text:style-name="Standard">Tlak na dosažení vyšších standardů může rovněž vyvolávat stres a zátěž na zdravotnický personál, což následně může ovlivnit kvalitu péče a pracovní prostředí. Elektronické zdravotní záznamy, telemedicína a využití umělé inteligence umožňují nejen přesnější diagnostiku, ale také usnadňují přístup k péči pro obyvatele vzdálených regionů. Navzdory slibným vyhlídkám však personalizovaná medicína čelí i výzvám, jako je složitost analýzy genetických dat a otázky související s ochranou osobních údajů. Fyzioterapie se zaměřuje nejen na obnovu fyzických funkcí, ale také na zlepšení psychického stavu pacienta, čímž přispívá k celkové kvalitě života. Zatímco dodržování hygienických norem je základním předpokladem bezpečné péče, trvalá edukace zdravotnického personálu a pacientů je nezbytná pro udržení vysokého standardu hygienických postupů.</text:p><text:p text:style-name="Standard">Zavádění nových technologií s sebou však nese také bezpečnostní rizika, zejména v oblasti ochrany dat pacientů. Společná práce odborníků z různých lékařských oborů umožňuje rychlejší a přesnější rozhodování. Distribuce vakcín je však logisticky náročná, zejména v regionech s omezenou zdravotní infrastrukturou. Paliativní péče nezahrnuje pouze zmírnění fyzických symptomů, ale také psychosociální a duchovní podporu, jak pro pacienty, tak pro jejich rodiny.</text:p><text:p text:style-name="Standard">Interdisciplinární přístup v onkologické péči</text:p><text:p text:style-name="Standard">Prevence a léčba civilizačních nemocí ve stárnoucí populaci</text:p><text:p text:style-name="Standard">Personalizovaná medicína nabízí nejen vyšší efektivitu léčby, ale také výrazné snížení rizika nežádoucích reakcí. Matematické modelování fyziologických procesů přispívá k vývoji sofistikovaných léčebných strategií. Spojení odborníků z různých lékařských oborů umožňuje efektivnější diagnostiku a rychlejší stanovení léčebných plánů. Dlouhodobé sledování pacientů prostřednictvím telemedicíny usnadňuje včasnou detekci komplikací. Strategie prevence přináší nejen finanční úspory, ale také přispívá ke zlepšení kvality života populace.</text:p><text:p text:style-name="Standard">Vývoj pokročilých zobrazovacích metod, jako je funkční magnetická rezonance, přináší hlubší vhled do fungování lidského mozku. Prevence nemocí se stále více dostává do popředí zájmu zdravotnických systémů po celém světě. Vliv životního stylu na vznik chronických onemocnění je stále více akcentován v edukačních kampaních zaměřených na veřejné zdraví. Farmakogenetika představuje nový obor, který se zabývá studiem toho, jak genetické variace ovlivňují individuální reakce na léčiva.</text:p><text:p text:style-name="Standard">Strategie pro efektivní řízení chronických onemocnění</text:p><text:p text:style-name="Standard">Matematické modelování fyziologických procesů přispívá k vývoji sofistikovaných léčebných strategií. Fyzioterapie se zaměřuje nejen na obnovu fyzických funkcí, ale také na zlepšení psychického stavu pacienta, čímž přispívá k celkové kvalitě života. Spojení odborníků z různých lékařských oborů umožňuje efektivnější diagnostiku a rychlejší stanovení léčebných plánů. Díky farmakogenetice je možné předvídat, jak bude pacient reagovat na specifický lék, což umožňuje lépe přizpůsobit léčbu jeho potřebám a zamezit nežádoucím účinkům.</text:p><text:p text:style-name="Standard">V posledních letech se zdravotnické systémy stále více zaměřují na efektivní management chronických onemocnění, jako jsou cukrovka, hypertenze či chronická obstrukční plicní nemoc (CHOPN). 3D biotisk přináší nové možnosti v oblasti tkáňového inženýrství a transplantologie. Elektronické zdravotní záznamy, telemedicína a využití umělé inteligence umožňují nejen přesnější diagnostiku, ale také usnadňují přístup k péči pro obyvatele vzdálených regionů. Farmakogenomika otevírá nové možnosti personalizované terapie u pacientů s chronickými onemocněními.</text:p><text:p text:style-name="Standard">Farmakogenetika představuje nový obor, který se zabývá studiem toho, jak genetické variace ovlivňují individuální reakce na léčiva. Nicméně, vybudování funkčního multidisciplinárního týmu vyžaduje náročné organizační schopnosti a efektivní leadership. Dlouhodobé sledování pacientů prostřednictvím telemedicíny usnadňuje včasnou detekci komplikací. Management chronických onemocnění rovněž klade důraz na vzdělávání pacientů, aby se sami stali aktivními účastníky své léčby, což je klíčové pro udržení stability jejich zdravotního stavu. Efektivní spolupráce mezi různými zdravotnickými specialisty se stává klíčovým faktorem moderní medicíny.</text:p><text:p text:style-name="Standard">Pokroky v genetické diagnostice</text:p><text:p text:style-name="Standard">Vývoj pokročilých zobrazovacích metod, jako je funkční magnetická rezonance, přináší hlubší vhled do fungování lidského mozku. Nicméně, efektivní vedení multidisciplinárního týmu vyžaduje pokročilé organizační schopnosti a jasnou strategii řízení. Intervence zahrnující psychoterapii, podpůrné skupiny a behaviorální terapie jsou klíčové zejména u pacientů s onkologickými onemocněními nebo <text:soft-page-break/>chronickými bolestmi, kde dlouhodobý stres může negativně ovlivnit průběh onemocnění. Robotická chirurgie přináší vyšší přesnost zákroků, kratší dobu rekonvalescence a nižší riziko pooperačních komplikací. Moderní výzkum v oblasti neurověd přispívá k lepšímu pochopení mechanismů neurodegenerativních onemocnění, jako je Alzheimerova choroba.</text:p><text:p text:style-name="Standard">Paliativní péče je specializovaná forma zdravotní péče, která se zaměřuje na kvalitu života pacientů s pokročilými a nevyléčitelnými onemocněními. Komunikace mezi lékaři, sestrami, farmaceuty a dalšími specialisty má zásadní vliv na úspěšnost léčby. Aby byla vakcinace efektivní, je potřeba zajistit nejen dostatek vakcín, ale také dostatečnou míru informovanosti a důvěry veřejnosti. Různé formy ambulantní péče, telemedicína a podpora samosprávy pacientů mohou zlepšit výsledky a snížit frekvenci hospitalizací. Multimodální terapie kombinující farmakologickou, chirurgickou a rehabilitační péči zvyšuje šance pacientů na plné uzdravení.</text:p><text:p text:style-name="Standard">Multimodální terapie kombinující farmakologickou, chirurgickou a rehabilitační péči zvyšuje šance pacientů na plné uzdravení. Distribuce vakcín je však logisticky náročná, zejména v regionech s omezenou zdravotní infrastrukturou. Různé modely primární péče zahrnují lékařské ordinace, zdravotnická centra a mobilní kliniky, což umožňuje pružnější přístup k pacientům v různých lokalitách. Přestože zdravotnická data nabízejí obrovský potenciál pro zlepšení výzkumu a personalizaci péče, jejich sběr a zpracování musí být prováděny v souladu s přísnými etickými normami a právními předpisy.</text:p><text:p text:style-name="Standard">Závěr</text:p><text:p text:style-name="Standard">Programy zaměřené na včasnou diagnostiku a osvětu přispívají ke zlepšení celkového zdraví populace. S cílem zvýšit dostupnost a kvalitu dlouhodobé péče se v poslední době stále více uplatňují nové technologie, jako jsou nositelná zařízení pro monitorování zdraví a chytré domácí asistenty. Prevence nemocí, zejména těch s vysokým výskytem, jako jsou kardiovaskulární onemocnění, cukrovka či různé formy rakoviny, se stále častěji stává prioritou v mnoha zdravotnických systémech. Navzdory rychlému vývoji v oblasti diagnostiky však stále existují překážky v přístupu ke specializované péči, zejména v méně dostupných oblastech.</text:p><text:p text:style-name="Standard">Dlouhodobá péče o seniory se stává stále aktuálnější v důsledku stárnutí populace a rostoucího výskytu degenerativních onemocnění. Dlouhodobé sledování pacientů prostřednictvím telemedicíny usnadňuje včasnou detekci komplikací. Robotické systémy poskytují chirurgům vyšší přesnost a stabilitu, čímž zvyšují bezpečnost a účinnost operací. Tyto techniky umožňují provádět složité zákroky s menším narušením tkání, což vede k rychlejší rekonvalescenci a nižším rizikům komplikací. Spánková medicína zahrnuje multidisciplinární přístup, ve kterém se setkávají odborníci z neurologie, pneumologie a psychologie.</text:p></text:section></office:text></office:body></office:document-content>