<?xml version="1.0" encoding="UTF-8"?>
<office:document-meta xmlns:grddl="http://www.w3.org/2003/g/data-view#" xmlns:meta="urn:oasis:names:tc:opendocument:xmlns:meta:1.0" xmlns:dc="http://purl.org/dc/elements/1.1/" xmlns:xlink="http://www.w3.org/1999/xlink" xmlns:ooo="http://openoffice.org/2004/office" xmlns:office="urn:oasis:names:tc:opendocument:xmlns:office:1.0" office:version="1.4"><office:meta><dc:title/><dc:subject/><dc:description/><dc:date>2025-12-17T12:26:35.692213000</dc:date><meta:generator>LibreOffice/25.8.3.2$MacOSX_AARCH64 LibreOffice_project/8ca8d55c161d602844f5428fa4b58097424e324e</meta:generator><meta:initial-creator/><meta:creation-date>2025-09-29T19:04:33.000</meta:creation-date><meta:keyword/><meta:editing-duration>PT24S</meta:editing-duration><meta:editing-cycles>1</meta:editing-cycles><meta:document-statistic meta:table-count="0" meta:image-count="0" meta:object-count="0" meta:page-count="8" meta:paragraph-count="123" meta:word-count="4703" meta:character-count="37065" meta:non-whitespace-character-count="32485"/><meta:user-defined meta:name="Category"/><meta:user-defined meta:name="Company"/><meta:user-defined meta:name="IndividualWorkKey"/><meta:user-defined meta:name="Manager"/></office:meta></office:document-meta>